{"cameraMode":{"drawMode":0,"name":"Shaded","section":"Shading Mode"},"sceneLighting":false,"audioPlay":false,"sceneViewState":{"showFog":true,"showMaterialUpdate":false,"showSkybox":true,"showFlares":true,"showImageEffects":true,"showParticleSystems":true},"in2DMode":false,"pivot":{"x":-1.2599999904632569,"y":8.319999694824219,"z":-0.10000000894069672},"rotation":{"x":-0.16321620345115663,"y":-0.8029182553291321,"z":0.51332688331604,"w":-0.2553005516529083},"size":2.8578836917877199,"orthographic":false}