{"cameraMode":{"drawMode":0,"name":"Shaded","section":"Shading Mode"},"sceneLighting":false,"audioPlay":false,"sceneViewState":{"showFog":true,"showMaterialUpdate":false,"showSkybox":true,"showFlares":true,"showImageEffects":true,"showParticleSystems":true},"in2DMode":false,"pivot":{"x":-1.8402085304260255,"y":8.461068153381348,"z":0.44428330659866335},"rotation":{"x":-0.047609154134988788,"y":-0.907273530960083,"z":0.10694725066423416,"w":-0.40391892194747927},"size":11.976299285888672,"orthographic":false}